Name,Birthdate,Gender,Address
박하윤,1974-10-14,Female,부산 강남구 86로 67
김예준,1992-08-07,Female,대구 중구 99로 36
김예준,2001-04-10,Male,서울 남구 98로 1
이지우,1994-06-09,Female,부산 중구 100길 19
최하윤,1972-09-03,Female,광주 강서구 25로 62
김서연,1981-03-01,Male,부산 강서구 80로 56
이예준,1995-06-26,Female,광주 남구 36로 13
이지우,1984-04-19,Male,광주 남구 51길 79
박민준,1970-03-24,Male,대구 서구 36길 3
이서연,1978-11-07,Male,부산 중구 42길 58
박민준,1996-06-01,Male,부산 남구 83로 84
김하윤,1994-04-26,Male,인천 남구 84길 32
정지우,1993-02-13,Female,부산 강남구 37길 20
최예준,2001-11-12,Female,서울 남구 5길 80
최하윤,1991-06-15,Female,부산 강남구 7로 39
이서연,1998-11-19,Male,서울 중구 14로 90
이서연,1993-03-17,Male,인천 강남구 5로 33
이예준,1985-04-11,Female,서울 강서구 35길 47
김서연,1979-12-11,Female,광주 서구 45길 41
최지우,1982-08-11,Male,대구 강남구 94로 37
김지우,1971-04-24,Male,광주 서구 17로 66
정예준,1984-07-23,Male,대구 남구 39길 22
정하윤,1987-09-14,Male,광주 남구 36길 45
최예준,2002-12-11,Male,광주 중구 75로 86
김하윤,1995-10-15,Male,부산 중구 7로 91
최민준,1976-08-28,Male,광주 중구 75로 23
박하윤,1970-04-03,Male,인천 남구 96로 76
김지우,1984-07-17,Male,인천 강서구 80로 61
최서연,1980-08-06,Male,부산 강남구 40길 78
박지우,1990-04-18,Female,인천 남구 16길 62
김민준,2000-09-25,Female,인천 서구 86길 62
정하윤,1992-11-04,Female,대구 서구 68로 67
최예준,1993-10-26,Male,대구 강서구 19로 98
박민준,1976-10-15,Female,인천 중구 74로 86
김하윤,1980-06-17,Female,서울 남구 85길 33
정지우,1995-07-10,Female,대구 중구 12길 19
김서연,1989-08-24,Female,대구 강남구 54길 42
이하윤,1985-05-01,Male,인천 강서구 37길 69
박하윤,1991-08-17,Male,광주 중구 42길 72
최하윤,1992-09-03,Female,서울 서구 1로 52
정민준,1984-12-24,Male,광주 중구 99길 9
최하윤,1974-04-04,Female,부산 서구 91로 53
이민준,1995-10-14,Male,광주 강남구 43로 47
이하윤,1983-06-20,Male,서울 강서구 32로 94
박지우,1995-07-05,Male,광주 강서구 13길 79
이지우,1972-09-05,Male,인천 중구 24로 82
박서연,2003-10-13,Male,광주 강남구 86로 41
이하윤,1971-02-18,Female,서울 강서구 64로 74
이민준,1982-04-14,Male,서울 중구 93로 42
이민준,1974-08-25,Male,대구 남구 7로 100
김예준,1999-10-02,Male,광주 남구 13길 32
박서연,1979-04-27,Female,광주 중구 30로 80
이지우,1973-08-15,Male,인천 강남구 77로 99
이서연,1989-05-18,Female,서울 강서구 56길 45
정민준,1981-03-25,Male,광주 남구 2길 45
김예준,1984-08-24,Male,광주 중구 18길 15
정지우,2003-12-05,Female,대구 강서구 87길 3
정지우,1980-08-10,Male,부산 서구 67로 50
정지우,2002-08-04,Female,서울 남구 69로 50
박서연,1988-11-02,Female,서울 중구 22로 8
이예준,1991-09-15,Female,서울 남구 50길 77
이지우,1972-11-04,Female,부산 서구 36로 94
박하윤,1980-06-11,Male,대구 중구 71로 26
최하윤,1984-11-13,Female,서울 강남구 69길 26
정서연,1985-08-01,Male,인천 강서구 25로 98
이하윤,2005-06-03,Female,인천 서구 74길 89
박하윤,1977-08-21,Female,인천 서구 22길 66
정민준,2002-05-10,Male,인천 중구 76길 1
정예준,1975-01-15,Female,대구 남구 1길 66
박예준,1981-08-22,Male,대구 중구 80로 23
김하윤,1987-05-10,Female,인천 서구 72길 65
박지우,1991-07-14,Female,인천 강남구 16길 90
박민준,1970-07-22,Female,인천 강서구 83로 25
박예준,2001-11-26,Male,광주 남구 38로 36
김민준,1985-06-24,Female,인천 강서구 66로 29
최예준,1985-01-21,Female,광주 서구 48길 98
김예준,1993-03-06,Female,부산 중구 34길 81
정하윤,1970-12-05,Female,대구 강서구 94길 70
최민준,1972-06-01,Male,광주 강서구 66로 91
최예준,2001-09-16,Male,대구 서구 16로 48
정하윤,1973-09-25,Female,부산 강남구 99길 11
이예준,1982-04-25,Male,서울 중구 82로 34
정서연,2000-02-14,Male,광주 중구 68로 72
박하윤,1974-12-15,Female,부산 강서구 64길 42
정예준,1997-12-22,Female,광주 강남구 92로 72
최지우,1972-10-06,Male,인천 서구 92로 57
박하윤,1971-02-26,Female,서울 강서구 99길 23
최지우,1971-05-15,Female,대구 강남구 96로 47
이하윤,1987-03-06,Male,대구 강남구 48길 97
정하윤,1986-02-01,Male,인천 강서구 4로 43
이하윤,1997-08-26,Male,부산 강서구 64로 44
이서연,1970-02-20,Female,부산 강남구 5길 90
박하윤,1991-02-12,Female,부산 서구 22길 49
이지우,1994-07-22,Female,인천 강남구 57로 21
김예준,1992-10-06,Female,광주 서구 59길 41
김지우,1996-07-12,Female,부산 서구 86로 36
이지우,1978-06-04,Female,서울 남구 39길 74
정지우,2004-06-24,Male,광주 서구 38길 87
최예준,1971-09-05,Male,대구 강서구 90길 20
김지우,2004-01-14,Male,광주 중구 7길 15
정지우,2003-05-18,Male,대구 강서구 95길 99
박하윤,1981-09-02,Female,대구 중구 51길 77
박예준,1977-12-19,Female,대구 강남구 76로 61
박서연,1991-10-17,Female,서울 남구 77로 67
김하윤,2002-10-05,Female,광주 서구 7로 33
정하윤,1971-11-13,Female,광주 남구 48길 44
김지우,2002-08-01,Male,부산 서구 78길 21
이하윤,1986-09-12,Female,인천 남구 73로 63
정지우,1975-08-17,Female,광주 중구 89길 50
박하윤,1979-05-14,Female,인천 중구 15로 72
이민준,1999-08-19,Female,서울 남구 65길 89
박예준,1989-02-26,Male,대구 중구 22로 13
최하윤,1975-06-19,Male,광주 남구 31길 58
정서연,2002-09-12,Male,부산 강서구 59로 16
이하윤,1971-12-19,Female,서울 강서구 14로 80
박지우,1991-09-21,Female,광주 강서구 36로 58
박하윤,1988-06-23,Male,서울 중구 68길 59
정지우,2000-01-28,Female,부산 서구 38로 37
이예준,1974-03-10,Male,부산 서구 31로 21
최서연,1974-12-26,Female,광주 강서구 59길 11
정하윤,1996-08-08,Male,부산 강남구 95로 27
김민준,1982-06-03,Female,서울 서구 17로 95
정서연,1975-02-17,Male,대구 남구 98로 24
정서연,2001-09-28,Male,서울 중구 41길 87
김하윤,1978-12-22,Female,대구 중구 98로 40
박민준,1992-01-10,Male,인천 강서구 35길 23
박민준,1990-11-02,Female,대구 남구 36길 19
박민준,1976-06-28,Male,부산 서구 83길 17
박민준,1975-01-22,Male,대구 서구 62길 75
최지우,2005-09-02,Male,인천 서구 99길 80
김하윤,1978-09-25,Male,인천 중구 62로 93
정예준,1990-01-25,Male,서울 강남구 87길 100
박하윤,1972-05-02,Male,광주 서구 11로 89
이민준,1986-09-16,Male,대구 강남구 98로 53
최지우,2004-05-02,Male,부산 서구 38로 53
최서연,1981-11-06,Female,인천 강남구 68길 63
정민준,1975-03-27,Male,부산 중구 74로 67
김하윤,2000-09-04,Male,인천 남구 87로 36
김하윤,1983-10-10,Female,광주 강서구 15길 10
이지우,1999-09-10,Male,서울 강서구 66로 13
이하윤,1985-04-04,Female,서울 서구 24로 27
최예준,2005-01-19,Female,부산 강서구 20로 33
정하윤,2005-08-01,Male,광주 남구 29길 80
정민준,2000-03-17,Female,광주 강서구 79로 28
김지우,1976-09-24,Female,대구 서구 82로 94
김하윤,1970-05-19,Male,인천 중구 75로 25
최지우,1973-11-24,Female,서울 서구 38길 47
이서연,1977-12-24,Female,인천 서구 54길 32
정서연,1978-05-21,Male,부산 강남구 39로 9
최민준,1999-12-12,Female,광주 중구 92길 21
이민준,1974-01-11,Female,서울 서구 62로 58
이서연,1978-01-10,Female,인천 남구 47로 63
최하윤,1977-04-15,Female,광주 강서구 55길 4
김예준,2002-05-11,Male,부산 중구 13길 59
박서연,1977-02-20,Male,광주 서구 58길 62
최민준,1988-04-22,Female,서울 강남구 82로 19
박예준,1994-05-12,Female,인천 서구 71길 94
박지우,2005-03-12,Male,부산 강남구 72길 65
최지우,1978-06-27,Female,서울 서구 39길 71
최하윤,1976-02-16,Male,부산 남구 69로 98
김지우,1987-06-09,Male,대구 남구 18로 90
정하윤,1976-06-16,Male,서울 중구 8로 26
이예준,1999-02-25,Male,대구 중구 2길 22
최지우,1988-01-12,Female,인천 강남구 26길 3
정지우,1976-09-15,Female,광주 서구 40길 94
박하윤,1977-10-19,Female,대구 남구 95길 15
박지우,2005-06-24,Male,서울 강서구 86로 32
최하윤,1989-07-28,Male,인천 강서구 74길 52
박지우,1995-08-03,Female,광주 강서구 57길 56
이지우,1987-11-04,Male,인천 강남구 51길 5
김민준,1975-01-07,Male,대구 강서구 4길 58
이예준,1976-05-14,Male,광주 강서구 100길 43
정서연,1996-04-05,Female,인천 중구 46길 68
김서연,1997-10-12,Female,광주 중구 38길 70
정하윤,1983-07-05,Male,대구 중구 70로 16
박민준,1970-09-05,Male,인천 강서구 72로 55
이지우,1979-02-10,Male,광주 서구 5로 62
김지우,2005-05-15,Male,인천 중구 58로 87
박서연,1994-11-02,Male,대구 남구 52로 73
이예준,1971-11-11,Male,인천 중구 18길 9
정예준,1982-08-14,Female,인천 중구 90길 4
박예준,1993-02-26,Male,부산 중구 1길 89
박하윤,1978-07-15,Female,광주 서구 39로 93
최서연,2005-08-04,Female,대구 남구 19로 30
박하윤,1987-04-28,Male,광주 중구 1로 7
박예준,1977-09-25,Male,서울 서구 19길 25
이예준,1998-11-11,Male,서울 남구 68길 31
최민준,1999-06-23,Female,부산 서구 86길 53
박서연,1973-10-25,Female,서울 강남구 52길 57
김지우,2005-12-05,Female,인천 강남구 13로 71
박서연,1978-10-11,Female,대구 강남구 3길 100
최지우,2004-10-23,Female,서울 중구 93로 76
김서연,2004-07-15,Female,부산 강서구 8길 95
정예준,1993-07-22,Male,서울 강남구 94로 79
김하윤,2004-05-10,Male,인천 강남구 23로 88
정예준,1989-08-20,Male,부산 강남구 94길 5
최지우,1974-04-17,Female,광주 강서구 43로 86
정하윤,1973-09-04,Female,부산 중구 93로 15
정서연,1988-03-01,Male,광주 중구 23로 89
이지우,1994-06-26,Female,대구 강남구 90로 58
최지우,1976-09-10,Female,인천 서구 68로 33
이하윤,1972-11-23,Female,인천 서구 89길 20
최하윤,1998-07-13,Male,대구 남구 75길 13
정지우,1997-05-15,Male,인천 중구 98로 58
최서연,1971-05-22,Male,대구 서구 2길 30
박서연,1976-07-11,Female,인천 서구 90로 93
김하윤,1987-08-13,Male,대구 중구 21로 72
최하윤,2003-02-21,Female,광주 중구 27로 40
박예준,1978-11-16,Female,서울 강남구 85길 60
김서연,1973-11-03,Male,광주 서구 28로 66
최하윤,1994-07-05,Female,서울 중구 82길 41
최민준,1998-07-16,Male,광주 강서구 79로 45
김서연,1977-07-16,Male,서울 남구 64길 25
김하윤,1996-07-12,Male,인천 남구 71로 28
김지우,1995-07-24,Female,서울 강서구 82로 59
김민준,1980-12-04,Female,서울 남구 20길 34
최서연,2000-12-20,Male,부산 강서구 59길 58
박하윤,1986-12-07,Female,서울 서구 51로 46
박서연,2005-02-16,Male,서울 남구 30로 65
이지우,1972-12-14,Female,부산 강서구 29로 77
김하윤,1988-02-16,Female,부산 강남구 62로 30
최지우,2005-09-12,Male,인천 남구 13길 94
최서연,1991-07-15,Male,부산 강서구 41로 60
정민준,2003-08-27,Male,대구 중구 2길 98
최예준,1979-02-09,Female,광주 남구 7로 76
김하윤,1995-05-06,Male,부산 강남구 31길 61
김서연,1995-01-22,Female,서울 강남구 41길 55
최민준,1985-02-09,Male,서울 강서구 100로 35
정서연,1970-09-09,Female,서울 서구 50길 32
최예준,1971-12-20,Female,대구 강남구 26길 71
김하윤,1997-03-25,Female,광주 강남구 61길 27
김예준,1980-02-12,Male,부산 강남구 20길 70
김서연,2004-10-09,Male,광주 남구 60길 6
이예준,1971-08-20,Male,인천 남구 29로 27
정민준,1986-06-27,Male,서울 서구 92길 31
최서연,1986-03-28,Female,부산 강남구 98로 67
김예준,1986-12-22,Male,서울 강남구 65길 46
김민준,1977-03-12,Male,대구 강남구 19로 24
이하윤,1979-07-25,Male,대구 남구 25길 94
최민준,1989-10-10,Female,서울 서구 14길 93
최지우,1990-12-24,Male,서울 강남구 8로 97
이하윤,1972-12-02,Female,부산 남구 14로 91
정서연,1970-05-27,Male,인천 중구 65길 64
박하윤,1981-04-11,Male,광주 강서구 56로 37
정서연,1994-01-15,Male,서울 남구 29로 35
정민준,1985-12-12,Female,부산 남구 43길 83
김민준,1990-03-17,Male,서울 중구 99길 29
이예준,1997-10-24,Male,광주 중구 27길 5
김예준,1970-04-08,Male,광주 강서구 26길 5
정민준,2000-01-24,Female,부산 서구 85로 18
최하윤,2000-09-23,Female,광주 강서구 60길 41
박민준,1996-07-22,Male,대구 강남구 12로 31
최하윤,1973-05-14,Female,광주 서구 85길 18
박서연,2003-11-24,Male,광주 강남구 87로 44
박하윤,2004-04-16,Female,부산 강서구 16로 65
박민준,1972-04-19,Male,부산 서구 100길 96
이민준,1970-02-02,Male,대구 서구 68길 41
이하윤,1976-09-16,Female,부산 강남구 33로 68
박민준,1970-04-02,Female,인천 남구 75로 92
이예준,1975-09-26,Male,광주 서구 79로 72
이민준,1988-02-23,Female,부산 중구 22로 66
박서연,2003-02-15,Female,대구 강서구 29길 4
정서연,1978-03-19,Female,광주 남구 18길 19
이민준,1975-03-21,Female,부산 강서구 100로 52
최하윤,1979-06-15,Male,대구 남구 86로 85
최지우,1995-12-20,Male,서울 강남구 36로 70
이지우,2000-10-20,Male,대구 강서구 23길 99
박서연,1987-06-22,Female,부산 강서구 59길 26
김민준,1995-10-20,Male,부산 남구 75로 65
박민준,1999-08-28,Female,대구 서구 49길 8
정하윤,1970-07-08,Female,서울 서구 37길 39
이하윤,2001-09-07,Male,광주 강남구 51길 28
박예준,1990-11-26,Male,부산 중구 88길 68
정예준,1994-06-08,Male,광주 강남구 54로 85
이민준,1978-11-28,Female,광주 남구 80로 40
최예준,1980-12-04,Female,대구 강남구 18길 23
김하윤,1973-05-20,Male,광주 강서구 46길 86
최서연,1994-05-19,Female,대구 서구 78길 43
박서연,1985-05-16,Male,광주 중구 10길 17
정예준,1988-05-16,Male,광주 중구 90로 88
박지우,1989-03-27,Male,대구 중구 13로 41
이하윤,1981-01-20,Male,서울 남구 90길 53
김지우,1985-02-19,Female,인천 강남구 60로 46
김민준,1980-07-26,Male,대구 서구 8길 48
이민준,1985-02-23,Female,인천 서구 59로 6
박서연,1989-04-11,Female,인천 중구 12길 8
김예준,2002-04-02,Female,광주 강서구 96로 6
김지우,1998-04-14,Male,대구 남구 1로 60
정하윤,1985-09-03,Male,대구 남구 55길 78
이서연,1987-02-25,Female,대구 남구 42길 59
정민준,1970-07-02,Male,부산 남구 38길 23
이하윤,2005-04-01,Female,대구 서구 49로 87
정서연,1991-08-19,Male,대구 중구 51길 71
이하윤,1990-07-17,Female,대구 강서구 33길 29
박하윤,2003-05-11,Male,광주 남구 68길 54
김예준,1999-12-11,Male,대구 강남구 38길 31
정서연,1996-01-20,Male,인천 남구 86로 87
박하윤,1987-07-27,Female,대구 강남구 18길 22
김민준,1992-03-22,Male,인천 서구 63길 2
김하윤,1993-05-07,Male,대구 남구 53로 7
최서연,2003-05-12,Male,대구 강남구 54길 82
정예준,1979-02-19,Male,서울 강남구 2로 19
김서연,1976-03-09,Male,대구 서구 30길 28
최하윤,1974-09-15,Female,서울 중구 73길 17
김지우,1988-07-28,Female,대구 중구 22로 73
최서연,1970-01-19,Female,광주 중구 80로 10
정지우,2000-04-09,Male,인천 강남구 28로 27
최예준,1971-11-12,Male,대구 서구 92길 25
김민준,1979-07-27,Female,서울 남구 40길 75
이하윤,1995-12-17,Male,인천 남구 22로 73
김예준,1998-01-03,Female,인천 강서구 77길 16
박예준,1989-09-16,Male,광주 강서구 46로 8
이예준,2000-12-03,Male,부산 강서구 63길 87
김민준,2003-05-23,Female,광주 서구 96길 44
박예준,2004-02-03,Female,인천 중구 32길 39
이하윤,2004-06-20,Female,광주 서구 90길 4
김하윤,1971-05-28,Male,서울 남구 83길 58
최서연,1977-05-07,Female,서울 남구 4길 20
박예준,1976-02-18,Female,광주 남구 58로 61
김지우,1999-09-19,Female,인천 강남구 54길 87
박예준,1988-11-23,Female,대구 중구 35길 8
김서연,2003-06-24,Male,광주 남구 41길 3
최지우,1998-04-02,Female,대구 남구 1로 92
이민준,1975-11-22,Female,서울 중구 94길 75
이지우,1981-02-10,Male,대구 중구 90길 28
이민준,1971-12-10,Male,대구 강남구 62길 40
정민준,2004-05-03,Female,인천 강서구 15길 11
정하윤,1987-10-28,Male,광주 중구 82길 40
박예준,1982-01-19,Male,인천 중구 100로 51
이지우,1991-10-27,Male,광주 중구 17로 10
이예준,2002-09-18,Male,광주 강서구 88길 62
정민준,2000-07-22,Male,인천 남구 75로 62
김지우,1982-04-04,Male,광주 남구 81로 65
이서연,1975-02-10,Male,인천 강남구 2길 39
정서연,1972-07-06,Female,서울 남구 33길 88
정민준,1991-05-07,Female,인천 남구 40길 43
이지우,1994-06-05,Male,부산 강남구 64길 5
이예준,1993-05-17,Female,서울 강남구 62길 72
최지우,1994-11-06,Female,서울 중구 79길 49
박예준,1987-06-11,Female,대구 강남구 42로 23
박예준,1983-03-09,Male,인천 중구 3길 66
이예준,1989-02-25,Male,부산 중구 25길 88
김서연,1970-11-14,Female,대구 중구 46길 40
박민준,1979-08-02,Male,광주 강남구 47길 17
김지우,1999-07-20,Male,광주 강서구 77로 90
정예준,1991-11-17,Female,광주 남구 68길 12
김하윤,1981-03-21,Male,부산 강서구 25길 15
이서연,1976-04-11,Male,대구 강서구 2길 20
김민준,1997-09-18,Male,부산 강서구 32로 6
최서연,1997-06-19,Female,서울 강서구 34로 32
이서연,1996-12-24,Male,부산 서구 44로 57
박민준,1998-04-16,Female,인천 중구 72길 42
정예준,1974-08-24,Female,광주 중구 88길 96
박서연,1974-11-23,Male,부산 중구 42로 8
이민준,2005-11-03,Male,광주 서구 55길 57
이예준,1974-08-25,Female,부산 중구 86길 46
박예준,1986-04-17,Male,서울 중구 66로 55
박서연,1978-12-24,Female,인천 강서구 32길 90
최민준,1988-12-27,Female,인천 강서구 9로 14
정지우,1972-04-04,Female,인천 서구 37길 17
김지우,1985-07-10,Female,인천 강남구 58로 47
최민준,1998-07-08,Male,인천 서구 66로 94
박지우,1992-11-05,Female,부산 강남구 46길 70
박서연,1990-12-08,Male,서울 중구 57로 58
이서연,1990-07-03,Female,인천 중구 72로 16
최서연,1991-04-04,Female,부산 서구 43길 55
김하윤,1996-06-18,Male,인천 서구 56로 79
이지우,1973-02-03,Female,광주 강남구 4로 71
박예준,1991-02-26,Male,서울 중구 100로 14
김민준,2004-10-16,Female,인천 중구 33길 30
김지우,1974-07-04,Male,서울 서구 67길 31
정지우,1990-09-26,Female,서울 강서구 98로 39
이하윤,1986-08-17,Female,대구 중구 34길 82
이예준,1975-11-17,Male,서울 남구 41길 6
이민준,1979-08-07,Female,부산 강남구 11로 34
최하윤,1985-06-15,Female,대구 중구 91로 2
정하윤,2005-01-26,Male,서울 서구 83로 19
김민준,1979-02-14,Male,인천 중구 99로 68
정예준,1980-02-28,Male,부산 서구 79로 49
박민준,1983-11-07,Female,대구 중구 12로 38
김서연,1988-07-11,Male,광주 서구 63로 92
김예준,2000-03-17,Male,인천 강남구 62길 28
최서연,2001-08-28,Male,대구 중구 88길 85
이서연,1996-01-27,Male,대구 남구 90로 2
김예준,2000-11-19,Female,서울 남구 73로 46
이민준,1979-10-25,Male,서울 강서구 62길 37
박민준,1982-09-18,Female,서울 강서구 33로 28
박예준,2000-05-16,Male,부산 서구 56로 80
이하윤,1997-07-18,Female,인천 서구 73로 62
박예준,1994-02-18,Male,인천 강서구 55로 13
박민준,1990-02-04,Female,서울 강서구 5길 82
최민준,1998-08-07,Female,인천 남구 32로 25
박민준,1976-10-26,Female,서울 강서구 68로 63
김하윤,1983-02-01,Male,광주 강서구 78길 7
최예준,2003-02-26,Female,부산 강서구 20길 48
정민준,1992-12-23,Female,부산 서구 92로 56
김서연,1995-06-22,Male,광주 강남구 64로 12
박예준,1992-11-07,Male,부산 중구 73로 11
김예준,1973-11-09,Male,대구 남구 48길 74
정지우,1973-12-17,Female,광주 남구 9길 11
최지우,1978-02-21,Female,서울 강남구 71길 86
박하윤,1971-09-01,Female,부산 중구 55로 46
박서연,1984-04-01,Female,대구 강남구 8로 85
박지우,1991-08-23,Female,부산 강서구 43로 89
이하윤,1985-08-02,Female,인천 강남구 4길 48
김하윤,1977-02-08,Male,서울 서구 2길 93
박예준,1982-06-21,Male,인천 서구 14길 72
김서연,2000-02-14,Female,대구 강남구 52로 82
박민준,1977-06-16,Female,부산 남구 98길 92
이서연,1973-02-09,Male,광주 남구 92길 89
최하윤,2001-08-25,Female,광주 서구 35길 24
김하윤,1992-05-23,Female,인천 서구 17로 74
최예준,1972-07-03,Male,인천 강서구 25로 89
김예준,1980-11-24,Female,인천 중구 55길 64
박지우,1970-11-20,Female,광주 중구 17길 95
박예준,2000-03-01,Female,인천 강남구 22로 88
이민준,1970-08-09,Male,대구 서구 88길 42
정하윤,2002-04-03,Male,부산 서구 76길 61
박예준,1981-06-26,Female,서울 서구 4로 12
이민준,2002-03-25,Female,광주 남구 88길 1
최예준,1979-06-06,Male,부산 강남구 4길 22
정민준,1975-02-06,Female,서울 중구 98길 59
박예준,1975-12-02,Female,광주 서구 5로 65
최예준,1996-10-01,Male,부산 서구 56길 36
이민준,1988-04-04,Female,서울 서구 96길 70
최민준,2004-06-05,Male,서울 중구 78길 37
정하윤,1983-11-08,Male,인천 남구 97길 87
최민준,1995-07-20,Female,대구 강남구 25길 20
김예준,1983-10-10,Male,부산 남구 5로 90
정민준,2003-07-04,Female,광주 강남구 14길 27
이예준,1984-11-16,Male,인천 중구 93로 98
이하윤,1985-07-01,Male,부산 중구 47로 66
이지우,1995-12-12,Female,부산 강남구 37로 85
이민준,1992-07-05,Female,부산 중구 67길 85
김민준,1991-04-17,Male,대구 중구 86로 3
박지우,1989-09-18,Male,서울 강남구 91로 35
최하윤,1987-10-24,Male,대구 서구 85로 100
정하윤,2004-11-21,Female,서울 강남구 58길 14
이서연,1991-01-25,Female,인천 중구 45로 93
최지우,1990-04-12,Female,서울 강남구 67길 31
정민준,1975-11-06,Male,부산 남구 100로 4
박지우,2000-05-21,Male,인천 서구 71길 40
최하윤,1976-03-14,Female,인천 남구 67길 61
최하윤,1988-03-21,Female,인천 강남구 66길 42
최하윤,1979-04-04,Female,광주 남구 27길 11
김지우,1976-05-03,Male,서울 강남구 100길 78
김민준,1995-08-20,Male,대구 강서구 89길 43
최서연,1972-05-15,Female,광주 강남구 72길 90
김하윤,1978-12-28,Female,광주 강남구 28길 93
이하윤,2004-02-05,Male,대구 서구 90로 3
이서연,1993-07-03,Male,부산 서구 26길 81
최하윤,1994-08-27,Female,서울 강서구 18로 1
김민준,1999-12-15,Female,서울 강남구 55로 23
이지우,1993-03-03,Female,인천 강서구 71로 60
김서연,2005-11-06,Male,인천 강남구 51길 38
최예준,1988-06-14,Male,서울 중구 5로 40
이하윤,1995-09-27,Male,서울 강서구 65로 62
최예준,1972-02-23,Female,부산 중구 99로 5
정하윤,2002-04-10,Male,부산 강남구 59로 55
김서연,1979-03-11,Male,부산 남구 51길 86
정지우,1977-01-19,Female,부산 중구 4로 88
이지우,1980-05-23,Female,부산 강서구 27로 21
김민준,1990-07-23,Female,인천 중구 49로 9
김민준,1999-11-07,Male,부산 강남구 100길 34
이예준,1970-04-01,Male,서울 서구 84길 72
이하윤,1988-12-05,Male,대구 중구 100로 28
김지우,1976-06-06,Male,대구 강서구 78로 75
김서연,1990-10-05,Male,인천 강서구 66로 39
김민준,1981-03-23,Male,대구 중구 65로 66
이민준,1988-09-06,Male,대구 서구 18길 86
최서연,1973-06-18,Male,대구 서구 88로 38
이지우,1993-12-07,Female,부산 강남구 82길 99
김지우,1981-01-15,Female,광주 서구 15로 50
이예준,1998-11-26,Female,서울 강서구 18길 12
박지우,1981-04-10,Female,인천 서구 58로 78
정서연,1992-09-25,Male,인천 서구 27로 23
김예준,1992-11-28,Male,서울 강서구 46길 45
박예준,1985-10-16,Male,인천 서구 91길 11
최하윤,1988-06-14,Male,인천 중구 95로 77
박민준,1997-02-09,Male,서울 서구 61길 42
이서연,2001-05-12,Female,인천 서구 40길 86
정예준,1997-08-20,Male,부산 남구 29길 44
김서연,1987-05-15,Female,광주 중구 43길 30
이서연,1997-09-02,Male,인천 중구 100길 97
정서연,1985-05-14,Male,대구 남구 61길 26
최민준,1997-07-17,Male,서울 중구 76로 6
이서연,1995-06-18,Female,부산 강서구 98길 35
정예준,1978-07-13,Female,인천 남구 28길 61
이민준,1974-10-13,Female,서울 강남구 73길 33
정예준,1993-06-27,Male,부산 강서구 45로 71
최민준,1972-10-17,Male,대구 중구 17로 20
이지우,1984-07-15,Female,광주 서구 22길 70
정서연,1995-11-09,Female,부산 서구 87로 84
최민준,1980-05-03,Male,서울 남구 47로 99
김서연,1972-07-01,Male,대구 강서구 1길 21
박하윤,1998-10-04,Male,광주 서구 45로 28
이민준,1983-09-28,Male,대구 서구 84길 85
정서연,1972-03-21,Female,대구 강남구 25로 85
최예준,2001-01-14,Female,인천 강서구 41로 90
박지우,1991-03-20,Male,서울 강서구 24길 54
김서연,1987-05-07,Male,대구 서구 61길 17
정서연,2005-03-13,Male,광주 강남구 6로 83
박민준,1974-09-09,Male,광주 강서구 98로 72
박예준,1977-03-10,Male,서울 강서구 66로 90
박서연,1992-10-25,Male,광주 서구 66로 98
최예준,1991-04-15,Male,대구 서구 79로 96
최서연,1998-12-19,Female,부산 강서구 50로 52
이민준,1994-04-17,Male,광주 강남구 64로 25
박하윤,1996-08-22,Female,부산 강남구 51로 11
최하윤,1976-08-28,Female,인천 강남구 55길 62
최예준,2001-08-18,Female,서울 중구 44로 75
이지우,2004-02-20,Male,대구 강서구 57길 27
최지우,1972-09-12,Female,서울 서구 38길 78
김민준,1995-03-01,Female,인천 서구 50길 86
박민준,2005-12-21,Female,광주 강서구 16길 38
최지우,1980-06-23,Male,서울 서구 98로 62
박예준,1992-06-16,Female,대구 서구 41길 15
이민준,1978-01-20,Male,서울 강남구 8길 34
정예준,1980-01-09,Female,광주 서구 44로 42
정하윤,1988-11-22,Female,대구 서구 25길 64
정지우,2000-06-11,Male,광주 남구 60길 90
최하윤,1990-03-15,Male,광주 서구 29길 85
정민준,1997-11-10,Female,부산 중구 90로 70
박민준,1987-11-28,Male,대구 강서구 89길 53
정서연,1992-06-28,Male,인천 서구 75길 94
최지우,2002-04-17,Male,부산 강서구 20로 71
정서연,1979-04-04,Female,서울 남구 74로 53
최서연,1999-12-25,Male,인천 서구 92로 17
이하윤,1995-09-15,Female,인천 서구 62길 17
정하윤,1973-08-28,Male,서울 강남구 26길 63
이지우,1992-09-10,Female,광주 서구 10로 96
박하윤,1983-06-24,Male,서울 남구 73로 83
정서연,1972-12-08,Male,광주 남구 73길 61
박지우,1993-05-06,Male,인천 서구 85로 63
박민준,1979-07-06,Female,대구 남구 31로 23
박민준,1970-01-12,Male,인천 강서구 75로 50
이서연,1982-04-28,Female,대구 서구 45로 18
정하윤,1983-08-28,Female,대구 강남구 58길 95
김지우,1984-08-04,Male,부산 남구 44로 21
최서연,1978-11-26,Male,광주 강남구 54로 62
김하윤,1978-07-03,Female,광주 강서구 53길 25
최지우,1998-01-14,Female,인천 강서구 21로 63
김하윤,1984-11-01,Female,대구 서구 52로 68
이지우,1991-07-12,Female,인천 남구 18로 98
최서연,2001-04-24,Male,대구 강서구 19길 6
박하윤,1998-11-19,Male,부산 남구 14로 90
이민준,1990-05-09,Female,부산 강서구 85길 71
이하윤,1979-07-01,Male,인천 강남구 82로 33
최예준,1986-03-03,Male,대구 남구 83길 19
박서연,1984-08-19,Male,인천 중구 56로 31
최지우,1973-07-14,Male,서울 서구 84길 65
최지우,1987-02-23,Male,부산 서구 66로 2
최하윤,2003-11-15,Male,광주 강서구 80로 81
정서연,1976-08-08,Male,부산 남구 86로 48
김지우,1975-04-20,Male,대구 강서구 15길 80
정민준,1975-10-04,Male,광주 강서구 43로 54
김예준,2004-09-05,Male,서울 서구 100길 65
박하윤,1979-08-04,Male,광주 중구 77로 58
김민준,1971-08-03,Male,인천 남구 87로 78
김예준,1972-11-09,Male,서울 중구 49로 10
이하윤,1973-03-01,Male,서울 남구 45로 15
박민준,1974-01-17,Female,부산 남구 61길 84
이지우,1980-03-25,Male,부산 서구 81길 13
이하윤,2003-11-17,Male,인천 남구 51길 100
박지우,1996-09-23,Male,서울 강남구 25길 82
김하윤,1976-07-26,Female,대구 남구 20로 37
이서연,2001-03-01,Female,광주 서구 80로 58
김지우,1993-07-05,Female,인천 강남구 84로 15
정하윤,2002-01-05,Male,대구 서구 54로 96
최하윤,1984-08-01,Female,부산 중구 98로 31
김예준,1974-05-11,Male,인천 서구 7로 81
이지우,1972-12-15,Female,인천 남구 66길 15
정지우,1981-08-05,Male,대구 중구 24로 30
이서연,2003-05-10,Female,부산 강남구 4길 70
김서연,1989-06-14,Female,대구 강서구 75로 4
정지우,1993-07-21,Female,서울 남구 80로 90
최민준,1983-11-15,Male,인천 강서구 97길 13
김예준,1999-06-28,Male,부산 강남구 47길 60
정민준,2001-09-04,Female,광주 강남구 53길 43
정하윤,1971-02-28,Male,인천 강서구 9길 13
박지우,1973-11-08,Male,대구 남구 100로 88
최서연,1998-11-18,Female,인천 남구 74길 71
정서연,1976-02-10,Male,서울 서구 40로 13
최서연,1974-07-28,Male,인천 강남구 77길 78
김민준,1994-10-11,Female,부산 중구 93로 43
김지우,1984-01-14,Female,서울 서구 48길 79
정민준,1984-01-02,Female,인천 서구 37길 86
정민준,1998-03-23,Female,대구 중구 17길 93
이지우,1996-09-03,Female,서울 서구 67로 66
박민준,1976-09-10,Female,부산 강남구 23로 44
박하윤,1988-07-05,Male,광주 강서구 85로 21
최지우,1992-09-24,Female,부산 남구 27길 33
김지우,1977-08-02,Female,서울 강서구 74로 47
정민준,1992-09-03,Female,부산 강남구 8로 79
김서연,1979-12-08,Male,부산 강남구 23길 22
최지우,1980-12-04,Female,인천 강남구 66로 28
박하윤,2003-10-10,Female,부산 서구 76로 96
정하윤,2003-12-03,Female,부산 중구 94로 93
김예준,1978-02-23,Male,부산 강남구 19길 51
이서연,1996-07-04,Female,광주 강남구 67길 71
정하윤,1972-03-12,Female,인천 강남구 85로 74
정하윤,1987-02-06,Female,인천 강남구 73로 92
박하윤,1973-01-03,Male,부산 중구 44길 75
박예준,1998-07-05,Female,서울 강남구 95로 44
정민준,2004-07-20,Male,대구 중구 78로 34
김하윤,1976-06-06,Female,부산 중구 36길 29
김지우,1983-01-14,Male,인천 강남구 45길 16
이예준,2005-03-15,Female,대구 강서구 52길 21
정서연,1984-01-28,Male,광주 남구 66길 68
최지우,1996-09-08,Male,인천 중구 95길 49
최예준,1992-04-05,Female,대구 강남구 38로 50
이하윤,1972-07-05,Male,부산 강남구 88길 73
박하윤,1990-06-13,Female,부산 중구 17로 100
이예준,1984-05-21,Male,서울 강서구 52길 28
최민준,1997-03-06,Female,서울 남구 13길 28
김하윤,1993-01-01,Female,서울 강서구 10길 68
최서연,1996-02-26,Female,부산 강남구 27길 67
정민준,1972-07-17,Male,부산 강서구 59길 52
최민준,1984-08-25,Female,부산 강서구 57길 50
정하윤,1970-01-12,Female,광주 중구 3로 17
정하윤,1998-09-24,Male,부산 강서구 53로 80
최예준,1982-02-01,Male,서울 중구 87길 29
최서연,1989-12-05,Female,광주 서구 30로 95
김지우,1984-10-04,Male,광주 강남구 88로 32
이서연,1994-07-16,Female,서울 남구 63로 51
이예준,1998-02-26,Male,인천 중구 100길 34
김지우,1970-01-02,Male,부산 강서구 72길 29
이예준,1999-02-04,Male,인천 중구 70길 45
정지우,2005-05-16,Male,인천 강서구 62로 44
최예준,2003-03-25,Female,인천 강남구 62길 58
박예준,1974-10-22,Male,서울 강남구 67로 54
최예준,1992-08-20,Male,서울 남구 82로 78
김예준,1991-01-09,Male,인천 중구 57로 1
김지우,1977-04-24,Female,인천 서구 85길 19
박하윤,1987-11-23,Female,대구 중구 33길 25
최하윤,1970-10-05,Male,인천 서구 50로 51
정예준,1991-11-08,Male,부산 남구 86길 80
정예준,2001-11-13,Female,부산 남구 82길 56
최하윤,1993-03-03,Female,부산 남구 80길 69
정서연,2005-05-04,Male,부산 서구 62길 6
박지우,1998-02-03,Female,대구 서구 35길 61
최민준,1981-07-06,Female,인천 남구 6길 28
박하윤,1970-10-04,Male,광주 강남구 84로 97
김예준,1981-01-27,Female,대구 서구 85길 25
이서연,1984-08-15,Female,부산 강서구 53로 21
김예준,2005-02-16,Male,광주 강남구 86로 28
박하윤,1980-06-07,Male,대구 강남구 8길 24
이지우,1998-05-21,Female,인천 서구 73길 25
박민준,1999-01-23,Male,서울 강남구 69길 41
이서연,1980-04-17,Female,인천 남구 38길 15
최서연,2000-02-17,Female,인천 강남구 79길 4
김민준,1978-06-07,Male,부산 강서구 64길 42
정민준,1989-08-03,Female,부산 중구 13길 70
최예준,1983-08-03,Female,서울 강서구 52길 75
이민준,1972-01-08,Female,대구 강서구 34길 12
이민준,2000-04-13,Female,광주 강서구 88로 29
이서연,2001-07-08,Male,광주 남구 53로 44
김예준,1988-10-03,Male,부산 강남구 38로 98
정민준,1974-10-01,Female,서울 남구 63로 45
박지우,1995-05-28,Female,대구 서구 35로 72
김민준,2004-12-27,Female,서울 강남구 36로 39
최서연,1976-04-21,Female,서울 강서구 47길 87
정예준,2001-01-26,Female,인천 서구 91길 85
이지우,1971-11-02,Female,부산 강서구 25로 24
이하윤,1973-12-27,Female,광주 강남구 4길 7
이서연,1976-10-08,Male,광주 강서구 63로 36
최지우,1971-01-18,Male,대구 강서구 67길 44
박민준,2005-05-27,Male,광주 강서구 93길 20
박지우,2000-06-26,Female,부산 남구 71로 74
이지우,1978-09-10,Female,부산 서구 68길 72
최서연,1991-07-02,Female,인천 강남구 27길 64
이예준,1980-09-09,Male,서울 서구 24길 64
박민준,1976-12-02,Female,인천 중구 54로 72
최예준,2004-05-19,Female,인천 강남구 18로 78
박하윤,1980-08-14,Male,대구 서구 7길 18
이하윤,1982-11-01,Male,광주 남구 65길 63
이서연,1989-11-10,Male,대구 남구 40길 77
이서연,2004-10-26,Male,광주 강서구 46로 25
이지우,1990-02-20,Female,서울 강남구 3로 29
김지우,1994-06-07,Male,인천 중구 47로 70
최서연,2003-04-27,Female,광주 중구 61로 51
정하윤,1973-10-24,Female,서울 서구 31로 64
최하윤,1990-12-05,Female,대구 중구 73로 14
이지우,2002-06-20,Female,부산 강남구 81로 34
박예준,2003-06-24,Female,대구 강남구 72길 83
최예준,1978-05-25,Female,대구 강남구 8로 39
김민준,1983-12-19,Male,서울 강서구 34로 22
이서연,1978-11-19,Female,대구 서구 20로 23
최민준,1994-09-11,Male,서울 중구 82길 47
박예준,2003-12-25,Female,서울 강서구 86로 88
박하윤,2001-05-04,Male,인천 강서구 83로 61
최하윤,1994-10-21,Female,광주 강서구 52로 98
김하윤,1984-09-20,Female,인천 서구 58로 35
박지우,1973-07-20,Male,인천 강서구 21로 22
최서연,1992-11-14,Female,부산 강남구 36길 85
이하윤,1988-11-11,Female,서울 강서구 69로 84
김민준,1997-11-06,Male,광주 강서구 21길 97
박하윤,1990-10-12,Female,부산 중구 60로 44
정서연,1979-10-15,Female,인천 강서구 62길 46
박예준,1989-11-11,Female,서울 강남구 36로 98
정민준,1970-01-27,Female,인천 중구 37길 79
박민준,1995-11-13,Female,광주 중구 17길 80
최하윤,1980-07-15,Male,서울 서구 60길 64
정지우,1977-09-19,Female,서울 남구 12길 16
이민준,1999-10-26,Female,광주 서구 100길 90
이서연,1990-07-07,Female,인천 서구 50로 80
최민준,1991-01-26,Female,광주 중구 21길 36
정하윤,1999-12-18,Female,인천 중구 16로 49
이민준,1986-06-20,Female,부산 서구 64로 98
정서연,1994-01-03,Female,광주 중구 27길 70
정예준,1971-08-28,Female,인천 서구 15로 76
정지우,1998-07-20,Female,서울 남구 27로 51
이민준,1996-04-19,Female,서울 남구 7길 93
이민준,1973-09-21,Female,대구 강남구 100로 53
최서연,1998-10-25,Female,대구 강남구 63로 73
이하윤,1971-09-24,Female,광주 강남구 53로 19
정예준,1994-04-18,Male,인천 강서구 37로 95
이민준,1996-08-05,Female,광주 강서구 18로 74
최지우,2003-06-24,Female,인천 서구 74로 44
김지우,2004-07-18,Male,부산 강남구 13로 71
김서연,2002-10-19,Male,인천 중구 43로 93
최하윤,1975-12-14,Male,부산 강서구 77길 2
김민준,2004-11-11,Male,광주 서구 32로 26
최예준,1985-08-22,Female,광주 강남구 36길 75
박서연,1980-07-06,Male,인천 강남구 59로 38
김서연,1976-01-09,Male,광주 강남구 94길 50
이지우,2002-05-16,Male,서울 중구 31로 81
김하윤,1996-01-24,Male,광주 강남구 24길 37
최민준,2002-11-21,Male,서울 남구 96로 92
김민준,1977-11-07,Female,서울 강서구 79로 90
최하윤,1974-01-04,Male,서울 강서구 62길 52
정서연,1976-05-17,Female,광주 강남구 44길 39
이서연,1979-07-07,Female,부산 중구 11로 8
박예준,1982-01-28,Female,서울 강서구 6길 94
최서연,1993-04-21,Male,서울 서구 60길 91
최지우,1972-06-10,Female,인천 강남구 73로 31
박민준,1995-05-24,Female,대구 서구 99로 96
정서연,1994-02-15,Male,대구 강서구 82로 74
정하윤,1980-04-03,Female,대구 강서구 66길 71
최예준,1979-02-26,Male,부산 서구 61길 15
이지우,1982-06-06,Male,대구 강남구 96로 90
정지우,1992-05-27,Female,서울 남구 87로 22
박예준,1993-02-26,Female,서울 서구 78길 23
박서연,1975-06-15,Male,인천 남구 57길 57
정예준,1983-02-21,Male,광주 서구 52로 41
이하윤,1984-09-26,Female,부산 강남구 38로 52
이예준,1990-03-18,Female,대구 강서구 11길 65
최하윤,1972-01-01,Female,대구 중구 40길 76
김예준,2004-09-13,Male,대구 남구 14길 3
최하윤,2001-07-02,Male,서울 남구 45로 72
정서연,1981-04-01,Female,대구 남구 30로 36
박민준,2002-09-01,Male,인천 강서구 86로 81
최예준,1972-06-20,Female,인천 중구 80길 36
김민준,2005-02-11,Female,서울 중구 33로 83
최하윤,1989-10-10,Male,인천 강서구 7길 83
김지우,2000-06-20,Male,서울 남구 55길 42
이하윤,1982-03-26,Male,대구 중구 88로 82
김민준,1996-02-02,Female,인천 남구 70길 79
정민준,1993-03-19,Female,서울 중구 97로 30
김하윤,1990-12-11,Male,부산 남구 81길 56
이예준,1978-08-06,Female,인천 강서구 98길 87
이하윤,1982-07-03,Male,인천 남구 54길 35
박서연,2002-10-09,Female,대구 강남구 5로 89
김하윤,1970-02-10,Male,서울 남구 45길 61
박서연,1971-11-21,Male,광주 남구 11로 77
김하윤,1974-03-17,Male,광주 서구 93로 81
이민준,1990-05-23,Female,대구 남구 69길 77
정하윤,1981-04-12,Male,광주 서구 78로 90
박서연,1974-01-06,Female,대구 남구 59로 44
박민준,1974-05-25,Male,대구 강서구 58로 83
정예준,1985-08-09,Male,인천 강남구 79로 66
최민준,1996-10-15,Female,부산 강남구 96길 61
최지우,2005-08-13,Male,인천 강남구 48로 100
최지우,1981-09-03,Female,인천 남구 1로 5
김서연,1995-04-20,Male,부산 중구 3길 96
정서연,2000-12-06,Male,부산 남구 55길 8
박예준,1997-07-26,Female,광주 강서구 59길 5
최하윤,2003-03-16,Male,대구 남구 2길 69
정하윤,1999-08-14,Female,서울 서구 40길 44
박서연,1980-07-13,Male,부산 중구 82로 46
박민준,1998-02-19,Male,서울 강서구 64길 37
박예준,1985-02-25,Male,서울 강서구 35로 85
최예준,1999-06-14,Male,인천 서구 38길 97
정하윤,2002-04-03,Female,광주 서구 1로 8
정민준,1972-10-19,Male,대구 중구 98로 97
김하윤,1998-06-19,Female,부산 중구 60로 8
이지우,2004-05-12,Male,광주 남구 49길 10
김하윤,1979-09-11,Female,부산 남구 56로 70
정예준,1997-07-02,Male,대구 강남구 88길 71
박하윤,1994-11-17,Female,부산 강남구 53길 33
정하윤,1981-11-04,Male,광주 강남구 28로 36
김하윤,1993-10-17,Female,대구 강남구 35로 61
정서연,1990-02-06,Female,부산 서구 46로 36
박지우,2005-12-12,Female,서울 서구 10길 99
이지우,1971-07-15,Male,부산 남구 40길 88
김민준,1982-07-17,Male,대구 강서구 83길 16
이하윤,1982-11-14,Female,부산 강서구 15길 59
정하윤,1980-11-10,Female,인천 남구 52길 21
정지우,1985-11-24,Male,부산 남구 81길 57
김하윤,1979-11-19,Male,대구 남구 34길 85
최민준,1996-01-13,Female,부산 서구 78길 45
최서연,1977-04-15,Male,인천 서구 58길 92
최예준,1986-10-04,Male,인천 중구 46로 93
김하윤,1982-06-02,Male,서울 남구 88로 7
이하윤,1976-08-06,Male,대구 중구 99로 48
김지우,1979-10-13,Female,광주 중구 99로 65
최하윤,1988-12-15,Male,광주 남구 8로 57
박서연,1999-07-03,Female,인천 서구 47로 25
정하윤,1991-06-21,Female,인천 강서구 99로 34
박민준,1973-11-02,Male,인천 남구 80길 33
박예준,1995-05-23,Female,인천 중구 74로 93
박서연,1977-12-04,Female,서울 남구 53로 83
정예준,1975-06-22,Female,인천 남구 40로 29
박서연,1974-09-04,Male,부산 강서구 36길 62
이예준,1995-12-16,Male,부산 강서구 44로 88
김지우,1980-03-05,Female,인천 강서구 30길 51
이서연,1998-07-19,Male,광주 서구 12길 95
최하윤,1998-08-12,Female,인천 강남구 75길 52
이민준,1975-06-28,Male,대구 강서구 55로 15
최민준,1997-08-24,Female,인천 남구 68길 14
김지우,1988-12-02,Male,광주 강서구 1길 86
정예준,1984-12-16,Female,부산 서구 80로 15
정민준,2002-02-16,Male,광주 서구 89로 84
김하윤,1992-07-04,Male,광주 강남구 70길 85
김민준,1992-08-07,Female,서울 강서구 69로 5
박지우,1972-11-08,Male,부산 강서구 77길 85
최하윤,2003-12-18,Male,광주 강서구 12로 56
정하윤,2002-11-03,Female,대구 서구 66길 7
정예준,1972-04-19,Male,서울 강남구 86로 95
김민준,2002-01-05,Female,인천 남구 47길 45
김민준,1998-01-11,Male,인천 남구 84길 39
최서연,1982-07-03,Male,서울 남구 1길 87
정하윤,1986-08-25,Male,인천 중구 34길 3
정지우,1998-03-02,Male,광주 남구 85로 44
박서연,2004-01-02,Female,대구 중구 19로 16
정예준,1980-02-19,Male,인천 남구 81로 65
박하윤,2001-01-22,Female,대구 강남구 10길 82
정예준,1977-11-12,Male,광주 강서구 45로 90
이서연,2001-02-17,Female,서울 중구 22길 80
이서연,1997-08-17,Male,인천 남구 11로 59
김서연,1976-03-12,Female,인천 서구 94로 83
박지우,1998-09-12,Male,서울 강서구 67길 37
김지우,1984-04-09,Female,인천 강서구 41길 60
이민준,1993-09-17,Female,광주 강남구 99로 35
정서연,1982-09-26,Male,서울 강서구 83길 51
박예준,1992-05-28,Female,대구 강남구 73로 95
박예준,1991-07-14,Male,부산 강남구 61길 81
최지우,1971-04-08,Female,광주 강남구 43길 17
김하윤,1982-01-26,Male,대구 중구 55로 85
최예준,1987-03-06,Male,인천 남구 15로 46
이지우,1998-05-05,Female,대구 남구 61길 86
김지우,1981-04-27,Male,광주 남구 95로 62
이지우,1984-05-17,Male,부산 중구 70로 56
이예준,1994-12-08,Female,인천 중구 90길 4
이민준,1976-12-21,Female,인천 강남구 15로 68
김지우,2002-06-16,Female,부산 강서구 22길 16
박지우,1984-12-27,Male,광주 강서구 81길 20
박서연,1989-05-12,Female,광주 서구 17길 89
김서연,1987-04-05,Female,부산 강남구 82길 57
정지우,1998-07-14,Male,서울 강서구 99길 8
최지우,1987-02-25,Male,서울 서구 97길 48
김지우,2000-07-15,Female,대구 남구 27로 68
최예준,1983-09-24,Male,부산 강서구 89로 100
이지우,1991-05-11,Male,서울 강서구 50로 31
정서연,1972-12-20,Female,부산 서구 30로 35
이예준,1993-11-24,Male,대구 중구 58로 54
이민준,1990-09-10,Male,부산 남구 4로 34
최지우,1990-07-13,Male,부산 강남구 96로 33
정하윤,2001-11-22,Female,광주 중구 62로 35
이민준,1990-03-07,Male,부산 강남구 28길 71
정서연,1983-02-10,Male,인천 서구 27길 27
김하윤,1993-06-14,Female,부산 서구 69로 53
이서연,1995-10-04,Male,인천 강남구 6길 4
박하윤,1973-10-23,Male,서울 강남구 62길 47
최지우,1984-06-05,Female,서울 강남구 23길 5
최지우,1976-07-07,Male,광주 강서구 42길 69
정예준,1975-04-28,Male,부산 강남구 43로 47
최지우,1975-10-15,Female,서울 중구 75로 87
최예준,1990-03-18,Male,광주 중구 39길 30
최민준,1982-07-28,Female,대구 서구 67길 39
박민준,1990-04-12,Male,광주 서구 11로 58
이예준,2002-03-08,Female,인천 중구 93로 93
박민준,1972-12-26,Female,인천 강서구 27로 33
정예준,1998-12-03,Female,광주 강서구 41길 11
김서연,1985-02-27,Male,부산 중구 32로 81
정하윤,1986-06-03,Male,광주 강남구 2로 93
이하윤,1977-07-11,Female,광주 남구 61길 2
박민준,1977-07-07,Male,대구 남구 56로 4
정예준,1970-10-24,Male,부산 중구 49길 4
최하윤,1970-07-25,Male,서울 강남구 69길 3
이서연,1991-07-09,Male,인천 강남구 36길 14
박지우,1998-06-11,Male,인천 중구 91로 6
최서연,1987-08-26,Male,부산 서구 73길 39
이지우,2004-05-15,Male,인천 중구 26길 32
김하윤,1980-12-18,Female,대구 서구 70로 29
정민준,1972-05-24,Female,서울 남구 86길 44
이예준,1981-05-21,Female,서울 강서구 57길 81
박서연,1978-07-26,Female,서울 서구 74로 74
박예준,1994-08-24,Female,인천 중구 85길 17
최하윤,1975-12-23,Male,부산 강서구 68길 53
김하윤,1984-06-12,Female,대구 강서구 11길 72
이서연,1984-08-23,Female,광주 강서구 26로 30
정지우,1996-02-16,Female,부산 강남구 72길 44
이지우,1987-11-25,Male,대구 중구 100길 19
최예준,1975-11-26,Female,서울 서구 42길 51
박민준,1978-03-09,Male,서울 강남구 40길 60
최민준,2002-02-13,Female,부산 남구 87길 51
정서연,1993-10-25,Male,부산 서구 30로 47
이민준,1985-01-25,Female,서울 강서구 36로 50
이서연,2000-01-21,Male,인천 중구 47로 58
박서연,1977-10-10,Female,인천 강서구 92길 50
이하윤,1999-06-20,Female,대구 남구 73길 98
김예준,1975-01-24,Male,부산 남구 64길 99
최하윤,1976-05-19,Female,서울 강남구 16길 87
이서연,1973-11-10,Male,부산 강남구 93로 45
최민준,1991-01-08,Female,대구 남구 48길 31
박예준,1976-09-10,Female,광주 강서구 5길 8
박예준,1999-02-28,Male,인천 강남구 30로 62
박민준,1974-12-02,Male,대구 서구 1로 50
최서연,1994-10-08,Female,인천 중구 65길 46
김지우,1996-03-19,Male,광주 남구 52길 100
정지우,1999-03-23,Female,서울 남구 75로 77
최지우,1972-10-06,Female,광주 중구 98로 77
최지우,1970-05-20,Male,부산 강서구 62로 58
정서연,1995-06-22,Female,대구 남구 63로 8
정민준,1982-07-21,Female,대구 중구 42로 46
박지우,1999-11-10,Female,서울 중구 20길 39
김민준,1995-02-01,Female,부산 서구 71로 13
김하윤,1983-07-20,Female,서울 중구 16길 54
최지우,1984-02-20,Male,인천 서구 13로 35
김하윤,1986-04-04,Female,부산 강서구 77로 76
최민준,1974-11-21,Male,부산 중구 5길 37
정서연,1970-03-24,Female,부산 남구 48길 42
박예준,1974-05-17,Female,대구 강남구 92길 53
최하윤,1970-02-25,Female,대구 강남구 43길 11
정민준,1981-03-15,Female,광주 중구 42길 30
김서연,1988-07-27,Male,부산 강서구 8로 5
정서연,1978-01-24,Female,대구 남구 5로 71
김민준,1979-10-02,Male,서울 서구 90로 42
김서연,2004-08-05,Female,서울 서구 90로 13
김민준,1991-04-24,Female,대구 강서구 77로 52
김하윤,1981-02-15,Female,부산 강남구 60로 69
박지우,2000-02-26,Male,광주 강남구 96길 79
김하윤,2005-02-22,Male,부산 강남구 55길 29
이서연,1985-09-22,Female,광주 강남구 50로 65
정서연,1970-04-05,Female,광주 남구 72길 9
박예준,1975-11-22,Female,서울 강서구 73로 72
정하윤,1976-03-05,Male,대구 서구 80로 17
이민준,1995-04-12,Female,광주 중구 66로 83
최지우,1996-01-03,Male,부산 중구 28길 48
이예준,1994-03-15,Male,부산 강서구 44길 7
박지우,1987-11-27,Female,부산 중구 54로 83
이민준,1981-08-12,Female,서울 중구 52로 23
김민준,2003-02-07,Female,인천 남구 87길 57
김지우,1991-04-03,Female,대구 남구 42길 49
박서연,1997-12-17,Male,대구 강서구 56로 22
김서연,1992-04-12,Female,광주 중구 7길 48
이지우,1997-03-06,Male,서울 중구 37길 16
정예준,1976-12-03,Male,대구 강서구 10로 43
정예준,1983-09-06,Female,서울 강서구 18길 75
정하윤,2000-08-09,Male,부산 남구 25로 2
정지우,1984-11-28,Female,인천 서구 62길 24
박하윤,1994-12-09,Female,대구 서구 46로 45
정하윤,1988-06-10,Male,부산 남구 7길 4
이지우,1992-10-08,Female,대구 서구 80길 54
이서연,1984-06-24,Male,부산 강남구 95로 10
김예준,1970-02-01,Female,부산 서구 64길 10
정서연,1972-03-22,Female,서울 강서구 90길 51
정하윤,2000-08-21,Male,광주 강서구 74로 64
김민준,1985-11-04,Female,인천 중구 53로 29
최민준,1987-08-14,Male,광주 중구 7로 54
최예준,1977-08-08,Male,인천 강남구 29로 34
정하윤,1979-01-20,Female,대구 남구 71길 95
김예준,1977-05-25,Male,부산 중구 32로 89
김지우,1986-11-28,Female,서울 강남구 73길 29
이서연,1985-09-18,Male,광주 남구 24로 10
김지우,1974-05-10,Male,광주 남구 94길 9
이예준,2000-12-04,Female,서울 서구 25로 46
박지우,1996-01-16,Female,인천 강남구 39로 57
김서연,1994-07-10,Male,서울 서구 39길 7
이하윤,2004-12-13,Male,광주 중구 33길 65
박민준,1977-04-23,Female,서울 강서구 17로 43
이하윤,1974-09-18,Female,광주 강남구 20로 78
정지우,1977-02-12,Male,서울 강남구 42길 3
박지우,1982-05-25,Male,대구 중구 79로 60
이하윤,1991-10-15,Male,부산 강서구 30길 33
김하윤,1987-08-07,Male,인천 강남구 29길 60
정민준,1991-02-20,Male,대구 중구 61로 83
박하윤,1986-10-16,Male,대구 강서구 30길 37
박서연,1972-07-22,Male,대구 강남구 9길 11
박민준,2003-07-17,Male,부산 서구 65로 49
정민준,1997-08-09,Female,서울 중구 49길 2
박예준,1992-07-14,Male,광주 중구 81길 100
정하윤,2003-10-19,Male,대구 강서구 43길 37
박서연,1987-12-02,Female,부산 중구 70길 20
박지우,2000-08-16,Female,서울 강서구 22길 36
박예준,1998-06-23,Male,서울 서구 45길 21
정서연,1972-04-21,Female,서울 강남구 24길 20
박서연,1988-09-03,Male,서울 강서구 31길 47
정하윤,2001-08-20,Female,광주 중구 27로 86
